"FEMALE","MALE","UX_DASH_NUMBER","MATERIAL","POPULATION","STATUS","SNPsum","BARC.013211.00449","BARC.013211.00449_.F","BARC.013211.00449_.M","BARC.013211.00449_H","BARC.016935.02365","BARC.016935.02365_.F","BARC.016935.02365_.M","BARC.016935.02365_H","BARC.020505.04644","BARC.020505.04644_.F","BARC.020505.04644_.M","BARC.020505.04644_H","BARC.025927.05161","BARC.025927.05161_.F","BARC.025927.05161_.M","BARC.025927.05161_H","BARC.027552.06609","BARC.027552.06609_.F","BARC.027552.06609_.M","BARC.027552.06609_H","BARC.029969.06762","BARC.029969.06762_.F","BARC.029969.06762_.M","BARC.029969.06762_H","BARC.040169.07675","BARC.040169.07675_.F","BARC.040169.07675_.M","BARC.040169.07675_H","BARC.042815.08424","BARC.042815.08424_.F","BARC.042815.08424_.M","BARC.042815.08424_H","BARC.044361.08677","BARC.044361.08677_.F","BARC.044361.08677_.M","BARC.044361.08677_H","BARC.046084.10230","BARC.046084.10230_.F","BARC.046084.10230_.M","BARC.046084.10230_H","BARC.047893.10417","BARC.047893.10417_.F","BARC.047893.10417_.M","BARC.047893.10417_H","BARC.052789.11619","BARC.052789.11619_.F","BARC.052789.11619_.M","BARC.052789.11619_H","BARC.053261.11776","BARC.053261.11776_.F","BARC.053261.11776_.M","BARC.053261.11776_H","BARC.057281.14664","BARC.057281.14664_.F","BARC.057281.14664_.M","BARC.057281.14664_H","BARC.065783.19748","BARC.065783.19748_.F","BARC.065783.19748_.M","BARC.065783.19748_H","Gm04_40345917_C_T","Gm04_40345917_C_T_.F","Gm04_40345917_C_T_.M","Gm04_40345917_C_T_H","Gm06_12914255_A_G","Gm06_12914255_A_G_.F","Gm06_12914255_A_G_.M","Gm06_12914255_A_G_H","Gm13_28949836_G_A","Gm13_28949836_G_A_.F","Gm13_28949836_G_A_.M","Gm13_28949836_G_A_H","GSM191","GSM191_.F","GSM191_.M","GSM191_H","KS20","KS20_.F","KS20_.M","KS20_H","SNAP18.2","SNAP18.2_.F","SNAP18.2_.M","SNAP18.2_H","sumTrueHOMpolySNPs","sumHeterogeneousPolySNPs","sumTotalHetHybCalls","HetHybCallsfromTruePolySNPs","HetCallsfromHETEROGENEOUSPolySNPs","sumTotalSelfCalls","selfCallsfromTruePolySNPs","probTrueHetHybfromHomPolySNPs","probTrueHetHybfromHETEROGENEOUSPolySNPs","Molecular_Score"
"Parent_9","Parent_6","UX4965-1","Puerto Rico 2023-2024 UP3YC6 Intermating","UX4965","Active",18,"0","A:A","A:A","A:A","0","A:A","A:A","A:A","BARC.020505.04644","G:G","A:A","G:A","BARC.025927.05161","G:G","A:A","G:A","BARC.027552.06609","G:G","A:A","G:A","BARC.029969.06762","G:G","T:T","G:T","BARC.040169.07675","T:T","G:G","G:T","BARC.042815.08424","A:A","C:C","C:A","0","G:G","G:G","G:G","0","C:C","C:C","C:C","BARC.047893.10417","T:T","A:A","T:A","BARC.052789.11619","G:G","A:A","G:A","BARC.053261.11776","C:C","T:T","T:C","BARC.057281.14664","T:T","C:C","T:C","0","A:A","A:A","A:A","0","T:T","T:T","T:T","Gm06_12914255_A_G","G:G","A:A","G:A","0","G:G","G:G","G:G","0","C:C","C:C","C:C","0","A:A","A:A","A:A","0","C:C","C:C","C:C",11,0,11,11,0,10,0,1,0,"H"
"Parent_8","Parent_6","UX4973-1","Puerto Rico 2023-2024 UP3YC6 Intermating","UX4973","Active",17,"0","A:A","A:A","A:A","0","A:A","A:A","A:A","BARC.020505.04644","G:G","A:A","G:G","BARC.025927.05161","G:G","A:A","G:A","0","A:A","A:A","G:A","BARC.029969.06762","G:G","T:T","G:G","BARC.040169.07675","T:T","G:G","T:T","BARC.042815.08424","A:A","C:C","C:A","0","G:G","G:G","G:G","0","C:C","C:C","C:C","0","A:A","A:A","A:A","BARC.052789.11619","G:G","A:A","G:A","BARC.053261.11776","C:C","T:T","T:C","BARC.057281.14664","T:T","C:C","T:C","0","A:A","A:A","A:A","0","T:T","T:T","T:T","Gm06_12914255_A_G","G:G","A:A","G:A","Gm13_28949836_G_A","A:G","G:G","G:G","0","C:C","C:C","C:C","KS20","G:G","A:A","A:G","0","C:C","C:C","C:C",10,1,8,7,0,13,3,0.999999996,0,"H"
"Parent_8","Parent_6","UX4973-2","Puerto Rico 2023-2024 UP3YC6 Intermating","UX4973","Active",17,"0","A:A","A:A","A:A","0","A:A","A:A","A:A","BARC.020505.04644","G:G","A:A","G:A","BARC.025927.05161","G:G","A:A","G:A","0","A:A","A:A","A:A","BARC.029969.06762","G:G","T:T","G:T","BARC.040169.07675","T:T","G:G","G:T","BARC.042815.08424","A:A","C:C","C:A","0","G:G","G:G","G:G","0","C:C","C:C","C:C","0","A:A","A:A","A:A","BARC.052789.11619","G:G","A:A","G:A","BARC.053261.11776","C:C","T:T","T:C","BARC.057281.14664","T:T","C:C","T:C","0","A:A","A:A","A:A","0","T:T","T:T","T:T","Gm06_12914255_A_G","G:G","A:A","G:A","Gm13_28949836_G_A","A:G","G:G","A:G","0","C:C","C:C","C:C","KS20","G:G","A:A","A:G","0","C:C","C:C","C:C",10,1,11,10,1,10,0,1,0.5625,"H"
"Parent_10","Parent_7","UX4985-1","Puerto Rico 2023-2024 UP3YC6 Intermating","UX4985","Active",16,"BARC.013211.00449","A:A","G:G","G:A","0","A:A","A:A","A:A","0","A:A","A:A","A:A","BARC.025927.05161","G:G","A:A","G:A","BARC.027552.06609","G:G","G:A","G:A","BARC.029969.06762","G:G","T:T","G:T","0","T:T","T:T","G:T","BARC.042815.08424","A:A","C:C","C:A","0","G:G","G:G","?","0","C:C","C:C","C:C","BARC.047893.10417","T:T","T:A","T:A","BARC.052789.11619","G:G","A:A","G:A","BARC.053261.11776","T:T","C:C","T:C","0","C:C","C:C","C:C","BARC.065783.19748","A:A","G:G","G:A","0","T:T","T:T","T:T","0","A:A","A:A","A:A","Gm13_28949836_G_A","G:G","A:A","A:G","GSM191","C:C","G:G","G:C","KS20","A:A","G:G","A:G","SNAP18.2","C:C","G:G","C:G",11,2,14,11,2,6,0,1,0.80859375,"H"
"Parent_7","Parent_10","UX4985B-7","Puerto Rico 2023-2024 UP3YC6 Intermating","UX4985","Active",16,"BARC.013211.00449","G:G","A:A","A:A","0","A:A","A:A","A:A","0","A:A","A:A","A:A","BARC.025927.05161","A:A","G:G","G:A","BARC.027552.06609","G:A","G:G","G:G","BARC.029969.06762","T:T","G:G","G:G","0","T:T","T:T","T:T","BARC.042815.08424","C:C","A:A","C:A","0","G:G","G:G","G:G","0","C:C","C:C","C:C","BARC.047893.10417","T:A","T:T","T:T","BARC.052789.11619","A:A","G:G","G:A","BARC.053261.11776","C:C","T:T","T:C","0","C:C","C:C","C:C","BARC.065783.19748","G:G","A:A","A:A","0","T:T","T:T","T:T","0","A:A","A:A","G:A","Gm13_28949836_G_A","A:A","G:G","A:G","GSM191","G:G","C:C","G:C","KS20","G:G","A:A","A:G","SNAP18.2","G:G","C:C","C:C",11,2,8,7,0,13,4,0.999999996,0,"H"
"Parent_3","Parent_5","UX4987-2","Puerto Rico 2023-2024 UP3YC6 Intermating","UX4987","Active",7,"BARC.013211.00449","G:G","A:A","G:G","0","A:A","A:A","A:A","BARC.020505.04644","G:G","A:A","G:G","BARC.025927.05161","G:G","A:A","G:G","0","G:G","G:G","G:G","0","T:T","T:T","T:T","0","T:T","T:T","T:T","0","C:C","C:C","C:C","0","G:G","G:G","G:G","BARC.046084.10230","C:C","G:G","G:C","BARC.047893.10417","T:T","T:A","T:T","BARC.052789.11619","A:A","G:A","G:A","BARC.053261.11776","C:C","T:T","T:C","BARC.057281.14664","T:C","T:T","T:C","0","A:A","A:A","A:A","0","T:T","T:T","T:T","0","G:G","G:G","G:G","Gm13_28949836_G_A","A:G","G:G","G:G","GSM191","C:C","G:G","G:C","0","A:A","A:A","A:A","0","C:C","C:C","C:C",6,4,5,3,2,16,3,0.999755859,0.80859375,"H?"
"Parent_4","Parent_2","UX5002-1","Puerto Rico 2023-2024 UP3YC6 Intermating","UX5002","Active",20,"BARC.013211.00449","G:G","A:A","G:A","0","A:A","A:A","A:A","BARC.020505.04644","G:G","A:A","G:A","0","A:A","A:A","A:A","0","G:G","G:G","G:G","BARC.029969.06762","T:T","G:G","G:T","BARC.040169.07675","T:T","G:G","G:T","BARC.042815.08424","A:A","C:C","C:A","BARC.044361.08677","G:G","A:A","G:A","BARC.046084.10230","C:C","G:G","G:C","0","#N/A","T:T","T:T","BARC.052789.11619","A:A","G:G","G:A","0","C:C","C:C","C:C","0","#N/A","C:C","T:C","BARC.065783.19748","A:A","G:G","G:A","0","T:T","T:T","T:T","0","G:G","G:G","G:G","Gm13_28949836_G_A","A:A","G:G","A:G","GSM191","C:C","G:G","G:C","KS20","G:G","A:A","A:G","SNAP18.2","C:C","G:G","C:G",13,0,14,13,0,7,0,1,0,"H"
"Parent_4","Parent_7","UX5003-9","Puerto Rico 2023-2024 UP3YC6 Intermating","UX5003","Active",8,"0","G:G","G:G","G:A","0","A:A","A:A","A:A","BARC.020505.04644","G:G","A:A","A:A","0","A:A","A:A","A:A","BARC.027552.06609","G:G","G:A","A:A","0","T:T","T:T","T:T","0","T:T","T:T","G:T","BARC.042815.08424","A:A","C:C","C:C","0","G:G","G:G","G:G","0","C:C","C:C","C:C","0","#N/A","T:A","T:A","0","A:A","A:A","A:A","0","C:C","C:C","T:C","0","#N/A","C:C","C:C","BARC.065783.19748","A:A","G:G","G:A","0","T:T","T:T","T:T","Gm06_12914255_A_G","G:G","A:A","A:A","0","A:A","A:A","A:G","GSM191","C:C","G:G","G:C","0","G:G","G:G","A:G","SNAP18.2","C:C","G:G","C:G",6,1,9,3,0,12,3,0.999755859,0,"H?"
"Parent_28","Parent_1","UX5060-1","Lincoln 2023-2024 Crosses","UX5060","Active",12,"0","A:A","A:A","A:A","BARC.016935.02365","G:G","A:A","G:G","BARC.020505.04644","A:A","G:G","A:A","BARC.025927.05161","A:A","G:G","A:A","BARC.027552.06609","G:A","G:G","A:A","BARC.029969.06762","T:T","G:G","T:T","BARC.040169.07675","G:G","T:T","G:G","0","C:C","C:C","C:C","BARC.044361.08677","G:G","A:A","G:G","BARC.046084.10230","G:G","C:C","G:G","0","A:A","A:A","A:A","0","A:A","A:A","A:A","0","T:T","T:T","T:T","0","C:C","C:C","C:C","0","G:G","G:G","G:G","0","T:T","T:T","T:T","Gm06_12914255_A_G","G:G","A:A","G:G","0","A:A","A:A","A:A","GSM191","G:C","C:C","G:G","0","G:G","G:G","G:G","SNAP18.2","G:G","C:C","C:G",9,2,1,1,0,20,8,0.9375,0,"S"
"Parent_28","Parent_1","UX5060-3","Lincoln 2023-2024 Crosses","UX5060","Active",12,"0","A:A","A:A","A:A","BARC.016935.02365","G:G","A:A","G:G","BARC.020505.04644","A:A","G:G","A:A","BARC.025927.05161","A:A","G:G","A:A","BARC.027552.06609","G:A","G:G","A:A","BARC.029969.06762","T:T","G:G","T:T","BARC.040169.07675","G:G","T:T","G:G","0","C:C","C:C","C:C","BARC.044361.08677","G:G","A:A","G:G","BARC.046084.10230","G:G","C:C","G:G","0","A:A","A:A","A:A","0","A:A","A:A","A:A","0","T:T","T:T","T:T","0","C:C","C:C","C:C","0","G:G","G:G","G:G","0","T:T","T:T","T:T","Gm06_12914255_A_G","G:G","A:A","G:G","0","A:A","A:A","A:A","GSM191","G:C","C:C","C:C","0","G:G","G:G","G:G","SNAP18.2","G:G","C:C","G:G",9,2,0,0,0,21,9,0,0,"S"
"Parent_11","Parent_19","UX5076-1","Puerto Rico 2023-2024 IDC Yield Crosses","UX5076","Active",14,"BARC.013211.00449","A:A","G:G","A:A","BARC.016935.02365","G:G","A:G","G:G","0","G:G","G:G","G:G","0","A:A","A:A","A:A","BARC.027552.06609","A:A","G:G","A:A","BARC.029969.06762","T:T","G:G","T:T","BARC.040169.07675","G:G","T:T","G:G","BARC.042815.08424","A:A","C:C","A:A","BARC.044361.08677","A:A","G:G","A:A","0","G:G","G:G","G:G","BARC.047893.10417","A:A","T:T","A:A","BARC.052789.11619","G:G","A:A","G:G","BARC.053261.11776","T:T","C:C","T:T","BARC.057281.14664","T:T","C:C","T:T","BARC.065783.19748","G:G","A:A","G:G","0","T:T","T:T","T:T","Gm06_12914255_A_G","A:A","G:G","A:A","0","G:G","G:G","G:G","0","C:C","C:C","C:C","0","A:A","A:A","A:A","SNAP18.2","G:G","C:C","C:G",13,1,1,1,0,20,12,0.9375,0,"S"
"Parent_11","Parent_19","UX5076-2","Puerto Rico 2023-2024 IDC Yield Crosses","UX5076","Active",14,"BARC.013211.00449","A:A","G:G","G:A","BARC.016935.02365","G:G","A:G","A:G","0","G:G","G:G","G:G","0","A:A","A:A","A:A","BARC.027552.06609","A:A","G:G","G:A","BARC.029969.06762","T:T","G:G","G:T","BARC.040169.07675","G:G","T:T","G:T","BARC.042815.08424","A:A","C:C","C:A","BARC.044361.08677","A:A","G:G","G:A","0","G:G","G:G","G:G","BARC.047893.10417","A:A","T:T","T:A","BARC.052789.11619","G:G","A:A","G:A","BARC.053261.11776","T:T","C:C","T:C","BARC.057281.14664","T:T","C:C","T:C","BARC.065783.19748","G:G","A:A","G:A","0","T:T","T:T","T:T","Gm06_12914255_A_G","A:A","G:G","G:A","0","G:G","G:G","G:G","0","C:C","C:C","C:C","0","A:A","A:A","A:A","SNAP18.2","G:G","C:C","C:G",13,1,14,13,1,7,0,1,0.5625,"H"
"Parent_26","Parent_24","UX5092-1","Puerto Rico 2023-2024 UP1FeC13 Intermating","UX5092","Active",10,"0","G:G","G:G","G:G","BARC.016935.02365","A:A","G:G","A:G","0","G:G","G:G","G:G","0","A:A","A:A","A:A","BARC.027552.06609","A:A","G:G","G:A","BARC.029969.06762","T:T","G:G","G:T","BARC.040169.07675","G:G","T:T","G:T","BARC.042815.08424","A:A","C:C","C:A","BARC.044361.08677","A:A","G:G","G:A","0","G:G","G:G","G:G","BARC.047893.10417","A:A","T:T","T:A","BARC.052789.11619","G:G","A:A","G:A","0","C:C","C:C","C:C","0","C:C","C:C","C:C","0","A:A","A:A","A:A","0","T:T","T:T","T:T","0","G:G","G:G","G:G","Gm13_28949836_G_A","G:G","A:A","A:G","GSM191","G:C","C:C","G:C","KS20","A:A","G:G","A:G","0","C:C","C:C","C:C",10,1,11,10,1,10,0,1,0.5625,"H"
"Parent_22","Parent_24","UX5102-1","Puerto Rico 2023-2024 UP1FeC13 Intermating","UX5102","Active",2,"0","G:G","G:G","G:G","0","G:G","G:G","G:G","0","G:G","G:G","G:G","0","A:A","A:A","A:A","BARC.027552.06609","A:A","G:G","A:A","BARC.029969.06762","T:T","G:G","T:T","0","T:T","T:T","T:T","0","C:C","C:C","C:C","0","G:G","G:G","G:G","0","G:G","G:G","G:G","0","T:T","T:T","T:T","0","A:A","A:A","A:A","0","C:C","C:C","C:C","0","C:C","C:C","C:C","0","A:A","A:A","A:A","0","T:T","T:T","T:T","0","G:G","G:G","G:G","0","A:A","A:A","A:A","0","C:C","C:C","C:C","0","G:G","G:G","G:G","0","C:C","C:C","C:C",2,0,0,0,0,21,2,0,0,"S?"
"Parent_22","Parent_24","UX5102-2","Puerto Rico 2023-2024 UP1FeC13 Intermating","UX5102","Active",2,"0","G:G","G:G","G:G","0","G:G","G:G","G:G","0","G:G","G:G","G:G","0","A:A","A:A","A:A","BARC.027552.06609","A:A","G:G","G:A","BARC.029969.06762","T:T","G:G","G:T","0","T:T","T:T","T:T","0","C:C","C:C","C:C","0","G:G","G:G","G:G","0","G:G","G:G","G:G","0","T:T","T:T","T:T","0","A:A","A:A","A:A","0","C:C","C:C","C:C","0","C:C","C:C","C:C","0","A:A","A:A","A:A","0","T:T","T:T","T:T","0","G:G","G:G","G:G","0","A:A","A:A","A:A","0","C:C","C:C","C:C","0","G:G","G:G","G:G","0","C:C","C:C","C:C",2,0,2,2,0,19,0,0.99609375,0,"H"
"Parent_22","Parent_23","UX5105-1","Puerto Rico 2023-2024 UP1FeC13 Intermating","UX5105","Active",1,"0","G:G","G:G","G:G","0","G:G","G:G","G:G","0","G:G","G:G","G:G","0","A:A","A:A","A:A","BARC.027552.06609","A:A","G:A","G:A","0","T:T","T:T","T:T","BARC.040169.07675","T:T","G:T","T:T","0","C:C","C:C","C:C","BARC.044361.08677","G:G","A:A","G:A","0","G:G","G:G","G:G","0","T:T","T:T","T:T","0","A:A","A:A","A:A","0","C:C","C:C","C:C","0","C:C","C:C","C:C","0","A:A","A:A","A:A","0","T:T","T:T","T:T","0","G:G","G:G","G:G","0","A:A","A:A","A:A","0","C:C","C:C","C:C","KS20","G:G","A:G","G:G","0","C:C","C:C","C:C",1,3,2,1,1,19,0,0.9375,0.5625,"H?"
"Parent_16","Parent_24","UX5111-7","Puerto Rico 2023-2024 UP1FeC13 Intermating","UX5111","Active",3,"BARC.013211.00449","G:A","G:G","G:A","BARC.016935.02365","A:G","G:G","A:A","BARC.020505.04644","G:A","G:G","G:A","0","A:A","A:A","A:A","BARC.027552.06609","G:A","G:G","G:A","BARC.029969.06762","G:T","G:G","G:G","BARC.040169.07675","G:G","T:T","T:T","0","C:C","C:C","C:C","0","G:G","G:G","G:G","0","G:G","G:G","G:G","BARC.047893.10417","T:A","T:T","T:A","0","A:A","A:A","G:A","0","C:C","C:C","C:C","0","C:C","C:C","C:C","0","A:A","A:A","A:A","0","T:T","T:T","T:T","0","G:G","G:G","G:G","Gm13_28949836_G_A","G:G","A:A","G:G","GSM191","G:C","C:C","G:C","KS20","A:A","G:G","A:A","0","C:C","C:C","C:C",3,7,6,0,5,15,3,0,0.983971596,"S?"
"Parent_17","Parent_18","UX5125-8","Puerto Rico 2023-2024 UP1FeC13 Intermating","UX5125","Active",3,"0","G:G","G:G","G:G","0","G:G","G:G","G:G","BARC.020505.04644","G:A","G:G","G:G","0","A:A","A:A","A:A","BARC.027552.06609","G:G","A:A","A:A","BARC.029969.06762","T:T","G:G","G:T","BARC.040169.07675","G:T","T:T","G:T","0","C:C","C:C","C:C","0","A:A","A:A","G:A","BARC.046084.10230","C:C","G:G","G:G","0","T:T","T:T","T:T","0","A:A","A:A","A:A","0","C:C","C:C","C:C","0","C:C","C:C","C:C","0","A:A","A:A","A:A","0","T:T","T:T","T:T","0","G:G","G:G","G:G","0","G:G","G:G","G:G","0","C:C","C:C","C:C","0","A:A","A:A","A:A","0","C:C","C:C","C:C",3,2,3,1,1,18,2,0.9375,0.5625,"S?"
"Parent_24","Parent_21","UX5142-1","Puerto Rico 2023-2024 UP1FeC13 Intermating","UX5142","Active",8,"BARC.013211.00449","G:G","A:A","G:G","BARC.016935.02365","G:G","A:A","G:G","BARC.020505.04644","G:G","A:A","G:G","0","A:A","A:A","A:A","BARC.027552.06609","G:G","A:A","G:A","0","G:G","G:G","G:G","BARC.040169.07675","T:T","G:G","T:T","0","C:C","C:C","C:C","BARC.044361.08677","G:G","A:A","G:A","0","G:G","G:G","G:G","BARC.047893.10417","T:T","T:A","T:T","0","A:A","A:A","A:A","0","C:C","C:C","C:C","0","C:C","C:C","C:C","0","A:A","A:A","A:A","0","T:T","T:T","T:T","Gm06_12914255_A_G","G:G","G:A","G:G","Gm13_28949836_G_A","A:A","G:G","A:G","0","C:C","C:C","C:C","KS20","G:G","A:A","A:G","0","C:C","C:C","C:C",8,2,4,4,0,17,4,0.999984741,0,"H?"
"Parent_24","Parent_23","UX5144-3","Puerto Rico 2023-2024 UP1FeC13 Intermating","UX5144","Active",2,"0","G:G","G:G","G:G","0","G:G","G:G","G:G","0","G:G","G:G","G:G","0","A:A","A:A","A:A","BARC.027552.06609","G:G","G:A","G:G","BARC.029969.06762","G:G","T:T","G:T","BARC.040169.07675","T:T","G:T","T:T","0","C:C","C:C","C:C","BARC.044361.08677","G:G","A:A","G:A","0","G:G","G:G","G:G","0","T:T","T:T","T:T","0","A:A","A:A","A:A","0","C:C","C:C","C:C","0","C:C","C:C","C:C","0","A:A","A:A","A:A","0","T:T","T:T","T:T","0","G:G","G:G","G:G","0","A:A","A:A","A:A","0","C:C","C:C","C:C","KS20","G:G","A:G","G:G","0","C:C","C:C","C:C",2,3,2,2,0,19,0,0.99609375,0,"H"
"Parent_20","Parent_15","UX5150-2","Puerto Rico 2023-2024 UP1FeC13 Intermating","UX5150","Active",1,"BARC.013211.00449","A:A","G:G","G:A","0","G:G","G:G","G:G","0","G:G","G:G","G:G","0","A:A","A:A","A:A","0","G:G","G:G","G:G","0","T:T","T:T","T:T","0","G:G","G:G","G:G","0","C:C","C:C","C:C","0","G:G","G:G","G:A","0","G:G","G:G","G:G","0","T:T","T:T","T:T","0","A:A","A:A","A:A","0","C:C","C:C","C:C","0","C:C","C:C","C:C","0","A:A","A:A","A:A","0","T:T","T:T","T:T","0","G:G","G:G","G:G","0","G:G","G:G","G:G","0","C:C","C:C","C:C","0","A:A","A:A","A:A","0","C:C","C:C","C:C",1,0,2,1,0,19,0,0.9375,0,"H?"
"Parent_13","Parent_12","UX5152-1","Puerto Rico 2023-2024 Yield SCN Crosses","UX5152","Active",12,"0","A:A","A:A","A:A","BARC.016935.02365","A:A","G:G","A:G","BARC.020505.04644","A:A","G:G","G:A","0","A:A","A:A","A:A","BARC.027552.06609","G:G","A:A","G:A","0","G:G","G:G","G:G","BARC.040169.07675","G:G","T:T","G:T","BARC.042815.08424","A:A","C:C","C:A","0","G:G","G:G","G:G","BARC.046084.10230","C:C","G:G","G:C","BARC.047893.10417","A:A","T:T","T:A","0","A:A","A:A","A:A","0","T:T","T:T","T:T","0","C:C","C:C","C:C","0","G:G","G:G","G:G","0","T:T","T:T","T:T","Gm06_12914255_A_G","G:G","A:A","G:A","Gm13_28949836_G_A","G:G","A:A","A:G","0","G:G","G:G","G:G","KS20","A:A","G:G","A:G","SNAP18.2","C:C","G:G","C:G",11,0,11,11,0,10,0,1,0,"H"
"Parent_13","Parent_25","UX5153-1","Puerto Rico 2023-2024 Yield SCN Crosses","UX5153","Active",11,"0","A:A","A:A","A:A","BARC.016935.02365","A:A","G:G","A:G","BARC.020505.04644","A:A","G:G","G:A","0","A:A","A:A","A:A","BARC.027552.06609","G:G","A:A","G:A","BARC.029969.06762","G:G","T:T","G:T","0","G:G","G:G","G:G","BARC.042815.08424","A:A","C:C","C:A","BARC.044361.08677","G:G","G:A","G:A","BARC.046084.10230","C:C","G:G","G:C","BARC.047893.10417","A:A","T:T","T:A","BARC.052789.11619","A:A","G:A","A:A","BARC.053261.11776","T:T","C:C","T:C","0","C:C","C:C","C:C","BARC.065783.19748","G:G","A:A","G:A","0","T:T","T:T","T:T","0","G:G","G:G","G:G","0","G:G","G:G","G:G","0","G:G","G:G","G:G","0","A:A","A:A","A:A","SNAP18.2","C:C","G:G","C:G",10,2,11,10,1,10,0,1,0.5625,"H"
"Parent_25","Parent_14","UX5156-4","Puerto Rico 2023-2024 Yield SCN Crosses","UX5156","Active",6,"0","A:A","A:A","G:A","0","G:G","G:G","G:G","0","G:G","G:G","G:G","0","A:A","A:A","A:A","BARC.027552.06609","A:A","G:G","G:G","0","T:T","T:T","G:G","BARC.040169.07675","G:G","G:T","G:G","0","C:C","C:C","C:C","BARC.044361.08677","G:A","G:G","G:G","0","G:G","G:G","G:G","0","T:T","T:T","T:T","BARC.052789.11619","G:A","A:A","A:A","0","C:C","C:C","T:C","0","C:C","C:C","C:C","BARC.065783.19748","A:A","G:G","G:G","0","T:T","T:T","T:T","Gm06_12914255_A_G","G:G","A:A","A:A","0","G:G","G:G","G:G","GSM191","G:G","C:C","C:C","0","A:A","A:A","A:A","SNAP18.2","G:G","C:C","C:G",5,3,3,1,0,18,4,0.9375,0,"S"
"Parent_29","Parent_13","UX5160-4","Puerto Rico 2023-2024 Yield SCN Crosses","UX5160","Active",8,"BARC.013211.00449","G:G","A:A","A:A","0","A:A","A:A","A:G","0","A:A","A:A","A:A","0","A:A","A:A","A:A","0","G:G","G:G","G:A","BARC.029969.06762","T:T","G:G","G:G","BARC.040169.07675","T:T","G:G","G:G","BARC.042815.08424","C:A","A:A","A:A","0","G:G","G:G","G:A","BARC.046084.10230","G:G","C:C","G:C","0","A:A","A:A","A:A","0","A:A","A:A","A:A","0","T:T","T:T","T:C","0","C:C","C:C","C:C","BARC.065783.19748","G:A","G:G","G:G","Gm04_40345917_C_T","C:C","T:T","T:T","0","G:G","G:G","G:G","0","G:G","G:G","G:G","GSM191","C:C","G:G","G:C","KS20","G:G","A:A","A:A","0","C:C","C:C","C:C",7,2,6,2,0,15,5,0.99609375,0,"S?"
"Parent_29","Parent_31","UX5161-2","Puerto Rico 2023-2024 Yield SCN Crosses","UX5161","Active",14,"BARC.013211.00449","G:G","A:A","A:A","BARC.016935.02365","A:A","G:G","G:G","BARC.020505.04644","A:A","G:G","G:A","0","A:A","A:A","A:A","BARC.027552.06609","G:G","A:A","A:A","0","T:T","T:T","G:T","BARC.040169.07675","T:T","G:G","G:G","BARC.042815.08424","C:A","C:C","C:A","0","G:G","G:G","G:A","BARC.046084.10230","G:G","C:C","G:C","BARC.047893.10417","A:A","T:T","T:A","BARC.052789.11619","A:A","G:G","G:A","BARC.053261.11776","T:T","C:C","C:C","0","C:C","C:C","C:C","BARC.065783.19748","G:A","G:G","G:G","Gm04_40345917_C_T","C:C","T:T","T:T","0","G:G","G:G","G:G","0","G:G","G:G","G:G","GSM191","C:C","G:G","G:C","KS20","G:G","A:A","A:A","SNAP18.2","C:C","G:G","C:G",13,2,9,6,1,12,7,0.99999994,0.5625,"H?"
"Parent_29","Parent_31","UX5161-5","Puerto Rico 2023-2024 Yield SCN Crosses","UX5161","Active",14,"BARC.013211.00449","G:G","A:A","G:A","BARC.016935.02365","A:A","G:G","A:G","BARC.020505.04644","A:A","G:G","G:A","0","A:A","A:A","A:A","BARC.027552.06609","G:G","A:A","G:A","0","T:T","T:T","T:T","BARC.040169.07675","T:T","G:G","G:T","BARC.042815.08424","C:A","C:C","C:A","0","G:G","G:G","G:G","BARC.046084.10230","G:G","C:C","G:C","BARC.047893.10417","A:A","T:T","T:A","BARC.052789.11619","A:A","G:G","G:A","BARC.053261.11776","T:T","C:C","T:C","0","C:C","C:C","C:C","BARC.065783.19748","G:A","G:G","G:G","Gm04_40345917_C_T","C:C","T:T","T:C","0","G:G","G:G","G:G","0","G:G","G:G","G:G","GSM191","C:C","G:G","G:C","KS20","G:G","A:A","A:G","SNAP18.2","C:C","G:G","C:G",13,2,14,13,1,7,0,1,0.5625,"H"
"Parent_29","Parent_33","UX5162-3","Puerto Rico 2023-2024 Yield SCN Crosses","UX5162","Active",10,"BARC.013211.00449","G:G","A:A","G:A","BARC.016935.02365","A:A","G:G","A:G","BARC.020505.04644","A:A","G:G","G:A","0","A:A","A:A","A:A","BARC.027552.06609","G:G","A:A","G:G","BARC.029969.06762","T:T","G:G","T:T","0","T:T","T:T","G:T","BARC.042815.08424","C:A","C:C","C:A","0","G:G","G:G","G:G","0","G:G","G:G","G:C","0","A:A","A:A","T:A","0","A:A","A:A","A:A","0","T:T","T:T","T:T","BARC.057281.14664","C:C","T:T","C:C","BARC.065783.19748","G:A","G:G","G:A","0","C:C","C:C","T:C","Gm06_12914255_A_G","G:G","A:A","G:A","0","G:G","G:G","G:G","0","C:C","C:C","C:C","KS20","G:G","A:A","A:G","0","C:C","C:C","C:C",8,2,11,5,2,10,3,0.999999046,0.80859375,"H"
"Parent_30","Parent_13","UX5164-6","Puerto Rico 2023-2024 Yield SCN Crosses","UX5164","Active",6,"0","A:A","A:A","A:A","BARC.016935.02365","G:G","A:A","G:G","0","A:A","A:A","A:A","0","A:A","A:A","A:A","BARC.027552.06609","A:A","G:G","A:A","0","G:G","G:G","G:G","0","G:G","G:G","G:G","0","A:A","A:A","A:A","BARC.044361.08677","A:A","G:G","A:A","BARC.046084.10230","G:G","C:C","G:G","0","A:A","A:A","A:A","0","A:A","A:A","A:A","BARC.053261.11776","C:C","T:T","C:C","0","C:C","C:C","C:C","0","G:G","G:G","G:G","0","T:T","T:T","T:T","0","G:G","G:G","G:G","0","G:G","G:G","G:G","GSM191","C:C","G:G","C:C","0","A:A","A:A","A:A","0","C:C","C:C","C:C",6,0,0,0,0,21,6,0,0,"S"
"Parent_30","Parent_27","UX5165-10","Puerto Rico 2023-2024 Yield SCN Crosses","UX5165","Active",8,"0","A:A","A:A","A:A","0","G:G","G:G","A:G","BARC.020505.04644","A:A","G:G","A:A","0","A:A","A:A","A:A","BARC.027552.06609","A:A","G:G","G:A","0","G:G","G:G","G:G","0","G:G","G:G","G:G","0","A:A","A:A","A:A","BARC.044361.08677","A:A","G:G","G:A","0","G:G","G:G","G:C","BARC.047893.10417","A:A","T:T","A:A","0","A:A","A:A","A:A","BARC.053261.11776","C:C","T:T","T:C","0","C:C","C:C","C:C","0","G:G","G:G","G:G","0","T:T","T:T","T:T","Gm06_12914255_A_G","G:G","A:A","G:G","0","G:G","G:G","G:G","0","C:C","C:C","G:C","0","A:A","A:A","A:A","SNAP18.2","C:C","G:G","C:C",7,0,6,3,0,15,4,0.999755859,0,"H?"
"Parent_32","Parent_31","UX5171-3","Puerto Rico 2023-2024 Yield SCN Crosses","UX5171","Active",11,"0","A:A","A:A","A:A","BARC.016935.02365","A:A","G:G","A:G","BARC.020505.04644","A:A","G:G","G:A","0","A:A","A:A","A:A","0","A:A","A:A","A:A","0","T:T","T:T","T:T","0","G:G","G:G","G:G","BARC.042815.08424","A:A","C:C","C:A","BARC.044361.08677","A:A","G:G","G:A","BARC.046084.10230","G:G","C:C","G:C","BARC.047893.10417","A:A","T:T","T:A","BARC.052789.11619","A:A","G:G","G:A","0","C:C","C:C","C:C","0","C:C","C:C","C:C","0","G:G","G:G","G:G","0","T:T","T:T","T:T","Gm06_12914255_A_G","A:A","G:G","G:A","0","G:G","G:G","G:G","GSM191","C:C","G:G","G:C","0","A:A","A:A","A:A","SNAP18.2","C:C","G:G","C:G",10,0,10,10,0,11,0,1,0,"H"
"Parent_32","Parent_29","UX5172-3","Puerto Rico 2023-2024 Yield SCN Crosses","UX5172","Active",9,"BARC.013211.00449","A:A","G:G","A:A","0","A:A","A:A","A:G","0","A:A","A:A","A:A","0","A:A","A:A","A:A","BARC.027552.06609","A:A","G:G","G:A","0","T:T","T:T","G:G","BARC.040169.07675","G:G","T:T","G:G","BARC.042815.08424","A:A","C:A","A:A","BARC.044361.08677","A:A","G:G","G:A","0","G:G","G:G","G:C","0","A:A","A:A","A:A","0","A:A","A:A","A:A","BARC.053261.11776","C:C","T:T","T:C","0","C:C","C:C","C:C","BARC.065783.19748","G:G","G:A","G:G","Gm04_40345917_C_T","T:T","C:C","T:T","Gm06_12914255_A_G","A:A","G:G","G:G","0","G:G","G:G","G:G","0","C:C","C:C","G:C","KS20","A:A","G:G","A:A","0","C:C","C:C","C:C",8,2,6,3,0,15,5,0.999755859,0,"H?"
"Parent_32","Parent_29","UX5172-7","Puerto Rico 2023-2024 Yield SCN Crosses","UX5172","Active",9,"BARC.013211.00449","A:A","G:G","G:A","0","A:A","A:A","A:G","0","A:A","A:A","G:A","0","A:A","A:A","A:A","BARC.027552.06609","A:A","G:G","G:A","0","T:T","T:T","G:T","BARC.040169.07675","G:G","T:T","T:T","BARC.042815.08424","A:A","C:A","C:A","BARC.044361.08677","A:A","G:G","G:G","0","G:G","G:G","G:G","0","A:A","A:A","A:A","0","A:A","A:A","A:A","BARC.053261.11776","C:C","T:T","T:T","0","C:C","C:C","T:C","BARC.065783.19748","G:G","G:A","G:G","Gm04_40345917_C_T","T:T","C:C","C:C","Gm06_12914255_A_G","A:A","G:G","G:A","0","G:G","G:G","G:G","0","C:C","C:C","C:C","KS20","A:A","G:G","A:G","0","C:C","C:C","C:C",8,2,9,4,1,12,4,0.999984741,0.5625,"H?"
