DNA...Assay,BARC.013211.00449,BARC.027552.06609,BARC.044361.08677,BARC.020505.04644,BARC.042815.08424,BARC.046084.10230,BARC.053261.11776,BARC.025927.05161,BARC.065783.19748,BARC.029969.06762,GSM191,SNAP18.2,BARC.052789.11619,Gm04_40345917_C_T,Gm06_12914255_A_G,BARC.016935.02365,KS20,BARC.057281.14664,BARC.047893.10417,BARC.040169.07675,Gm13_28949836_G_A
UX4965-1,A:A,G:A,G:G,G:A,C:A,C:C,T:C,G:A,A:A,G:T,C:C,C:C,G:A,T:T,G:A,A:A,A:A,T:C,T:A,G:T,G:G
UX4973-1,A:A,G:A,G:G,G:G,C:A,C:C,T:C,G:A,A:A,G:G,C:C,C:C,G:A,T:T,G:A,A:A,A:G,T:C,A:A,T:T,G:G
UX4973-2,A:A,A:A,G:G,G:A,C:A,C:C,T:C,G:A,A:A,G:T,C:C,C:C,G:A,T:T,G:A,A:A,A:G,T:C,A:A,G:T,A:G
UX4985-1,G:A,G:A,?,A:A,C:A,C:C,T:C,G:A,G:A,G:T,G:C,C:G,G:A,T:T,A:A,A:A,A:G,C:C,T:A,G:T,A:G
UX4985B-7,A:A,G:G,G:G,A:A,C:A,C:C,T:C,G:A,A:A,G:G,G:C,C:C,G:A,T:T,G:A,A:A,A:G,C:C,T:T,T:T,A:G
UX4987-2,G:G,G:G,G:G,G:G,C:C,G:C,T:C,G:G,A:A,T:T,G:C,C:C,G:A,T:T,G:G,A:A,A:A,T:C,T:T,T:T,G:G
UX5002-1,G:A,G:G,G:A,G:A,C:A,G:C,C:C,A:A,G:A,G:T,G:C,C:G,G:A,T:T,G:G,A:A,A:G,T:C,T:T,G:T,A:G
UX5003-9,G:A,A:A,G:G,A:A,C:C,C:C,T:C,A:A,G:A,T:T,G:C,C:G,A:A,T:T,A:A,A:A,A:G,C:C,T:A,G:T,A:G
UX5060-1,A:A,A:A,G:G,A:A,C:C,G:G,T:T,A:A,G:G,T:T,G:G,C:G,A:A,T:T,G:G,G:G,G:G,C:C,A:A,G:G,A:A
UX5060-3,A:A,A:A,G:G,A:A,C:C,G:G,T:T,A:A,G:G,T:T,C:C,G:G,A:A,T:T,G:G,G:G,G:G,C:C,A:A,G:G,A:A
UX5076-1,A:A,A:A,A:A,G:G,A:A,G:G,T:T,A:A,G:G,T:T,C:C,C:G,G:G,T:T,A:A,G:G,A:A,T:T,A:A,G:G,G:G
UX5076-2,G:A,G:A,G:A,G:G,C:A,G:G,T:C,A:A,G:A,G:T,C:C,C:G,G:A,T:T,G:A,A:G,A:A,T:C,T:A,G:T,G:G
UX5092-1,G:G,G:A,G:A,G:G,C:A,G:G,C:C,A:A,A:A,G:T,G:C,C:C,G:A,T:T,G:G,A:G,A:G,C:C,T:A,G:T,A:G
UX5102-1,G:G,A:A,G:G,G:G,C:C,G:G,C:C,A:A,A:A,T:T,C:C,C:C,A:A,T:T,G:G,G:G,G:G,C:C,T:T,T:T,A:A
UX5102-2,G:G,G:A,G:G,G:G,C:C,G:G,C:C,A:A,A:A,G:T,C:C,C:C,A:A,T:T,G:G,G:G,G:G,C:C,T:T,T:T,A:A
UX5105-1,G:G,G:A,G:A,G:G,C:C,G:G,C:C,A:A,A:A,T:T,C:C,C:C,A:A,T:T,G:G,G:G,G:G,C:C,T:T,T:T,A:A
UX5111-7,G:A,G:A,G:G,G:A,C:C,G:G,C:C,A:A,A:A,G:G,G:C,C:C,G:A,T:T,G:G,A:A,A:A,C:C,T:A,T:T,G:G
UX5125-8,G:G,A:A,G:A,G:G,C:C,G:G,C:C,A:A,A:A,G:T,C:C,C:C,A:A,T:T,G:G,G:G,A:A,C:C,T:T,G:T,G:G
UX5142-1,G:G,G:A,G:A,G:G,C:C,G:G,C:C,A:A,A:A,G:G,C:C,C:C,A:A,T:T,G:G,G:G,A:G,C:C,T:T,T:T,A:G
UX5144-3,G:G,G:G,G:A,G:G,C:C,G:G,C:C,A:A,A:A,G:T,C:C,C:C,A:A,T:T,G:G,G:G,G:G,C:C,T:T,T:T,A:A
UX5150-2,G:A,G:G,G:A,G:G,C:C,G:G,C:C,A:A,A:A,T:T,C:C,C:C,A:A,T:T,G:G,G:G,A:A,C:C,T:T,G:G,G:G
UX5152-1,A:A,G:A,G:G,G:A,C:A,G:C,T:T,A:A,G:G,G:G,G:G,C:G,A:A,T:T,G:A,A:G,A:G,C:C,T:A,G:T,A:G
UX5153-1,A:A,G:A,G:A,G:A,C:A,G:C,T:C,A:A,G:A,G:T,G:G,C:G,A:A,T:T,G:G,A:G,A:A,C:C,T:A,G:G,G:G
UX5156-4,G:A,G:G,G:G,G:G,C:C,G:G,T:C,A:A,G:G,G:G,C:C,C:G,A:A,T:T,A:A,G:G,A:A,C:C,T:T,G:G,G:G
UX5160-4,A:A,G:A,G:A,A:A,A:A,G:C,T:C,A:A,G:G,G:G,G:C,C:C,A:A,T:T,G:G,A:G,A:A,C:C,A:A,G:G,G:G
UX5161-2,A:A,A:A,G:A,G:A,C:A,G:C,C:C,A:A,G:G,G:T,G:C,C:G,G:A,T:T,G:G,G:G,A:A,C:C,T:A,G:G,G:G
UX5161-5,G:A,G:A,G:G,G:A,C:A,G:C,T:C,A:A,G:G,T:T,G:C,C:G,G:A,T:C,G:G,A:G,A:G,C:C,T:A,G:T,G:G
UX5162-3,G:A,G:G,G:G,G:A,C:A,G:C,T:T,A:A,G:A,T:T,C:C,C:C,A:A,T:C,G:A,A:G,A:G,C:C,T:A,G:T,G:G
UX5164-6,A:A,A:A,A:A,A:A,A:A,G:G,C:C,A:A,G:G,G:G,C:C,C:C,A:A,T:T,G:G,G:G,A:A,C:C,A:A,G:G,G:G
UX5165-10,A:A,G:A,G:A,A:A,A:A,G:C,T:C,A:A,G:G,G:G,G:C,C:C,A:A,T:T,G:G,A:G,A:A,C:C,A:A,G:G,G:G
UX5171-3,A:A,A:A,G:A,G:A,C:A,G:C,C:C,A:A,G:G,T:T,G:C,C:G,G:A,T:T,G:A,A:G,A:A,C:C,T:A,G:G,G:G
UX5172-3,A:A,G:A,G:A,A:A,A:A,G:C,T:C,A:A,G:G,G:G,G:C,C:C,A:A,T:T,G:G,A:G,A:A,C:C,A:A,G:G,G:G
UX5172-7,G:A,G:A,G:G,G:A,C:A,G:G,T:T,A:A,G:G,G:T,C:C,C:C,A:A,C:C,G:A,A:G,A:G,T:C,A:A,T:T,G:G