DNA...Assay,Gm13_28949836_G_A,BARC.046084.10230,BARC.027552.06609,BARC.040169.07675,BARC.065783.19748,BARC.029969.06762,BARC.020505.04644,BARC.053261.11776,BARC.044361.08677,BARC.025927.05161,BARC.042815.08424,BARC.052789.11619,BARC.013211.00449,Gm04_40345917_C_T,Gm06_12914255_A_G,KS20,GSM191,BARC.016935.02365,BARC.057281.14664,BARC.047893.10417,SNAP18.2
Parent_1,A:A,C:C,G:G,T:T,G:G,G:G,G:G,T:T,A:A,G:G,C:C,A:A,A:A,T:T,A:A,G:G,C:C,A:A,C:C,A:A,C:C
Parent_2,G:G,G:G,G:G,G:G,G:G,G:G,A:A,C:C,A:A,A:A,C:C,G:G,A:A,T:T,G:G,A:A,G:G,A:A,C:C,T:T,G:G
Parent_3,A:G,C:C,G:G,T:T,A:A,T:T,G:G,C:C,G:G,G:G,C:C,A:A,G:G,T:T,G:G,A:A,C:C,A:A,T:C,T:T,C:C
Parent_4,A:A,C:C,G:G,T:T,A:A,T:T,G:G,C:C,G:G,A:A,A:A,A:A,G:G,T:T,G:G,G:G,C:C,A:A,#N/A,#N/A,C:C
Parent_5,G:G,G:G,G:G,T:T,A:A,T:T,A:A,T:T,G:G,A:A,C:C,G:A,A:A,T:T,G:G,A:A,G:G,A:A,T:T,T:A,C:C
Parent_6,G:G,C:C,A:A,G:G,A:A,T:T,A:A,T:T,G:G,A:A,C:C,A:A,A:A,T:T,A:A,A:A,C:C,A:A,C:C,A:A,C:C
Parent_7,A:A,C:C,G:A,T:T,G:G,T:T,A:A,C:C,G:G,A:A,C:C,A:A,G:G,T:T,A:A,G:G,G:G,A:A,C:C,T:A,G:G
Parent_8,A:G,C:C,A:A,T:T,A:A,G:G,G:G,C:C,G:G,G:G,A:A,G:G,A:A,T:T,G:G,G:G,C:C,A:A,T:T,A:A,C:C
Parent_9,G:G,C:C,G:G,T:T,A:A,G:G,G:G,C:C,G:G,G:G,A:A,G:G,A:A,T:T,G:G,A:A,C:C,A:A,T:T,T:T,C:C
Parent_10,G:G,C:C,G:G,T:T,A:A,G:G,A:A,T:T,G:G,G:G,A:A,G:G,A:A,T:T,A:A,A:A,C:C,A:A,C:C,T:T,C:C
Parent_11,G:G,G:G,A:A,G:G,G:G,T:T,G:G,T:T,A:A,A:A,A:A,G:G,A:A,T:T,A:A,A:A,C:C,G:G,T:T,A:A,G:G
Parent_12,A:A,G:G,A:A,T:T,G:G,G:G,G:G,T:T,G:G,A:A,C:C,A:A,A:A,T:T,A:A,G:G,G:G,G:G,C:C,T:T,G:G
Parent_13,G:G,C:C,G:G,G:G,G:G,G:G,A:A,T:T,G:G,A:A,A:A,A:A,A:A,T:T,G:G,A:A,G:G,A:A,C:C,A:A,C:C
Parent_14,G:G,G:G,G:G,G:T,G:G,T:T,G:G,C:C,G:G,A:A,C:C,A:A,A:A,T:T,A:A,A:A,C:C,G:G,C:C,T:T,C:C
Parent_15,G:G,G:G,G:G,G:G,A:A,T:T,G:G,C:C,G:G,A:A,C:C,A:A,G:G,T:T,G:G,A:A,C:C,G:G,C:C,T:T,C:C
Parent_16,G:G,G:G,G:A,G:G,A:A,G:T,G:A,C:C,G:G,A:A,C:C,A:A,G:A,T:T,G:G,A:A,G:C,A:G,C:C,T:A,C:C
Parent_17,G:G,C:C,G:G,G:T,A:A,T:T,G:A,C:C,A:A,A:A,C:C,A:A,G:G,T:T,G:G,A:A,C:C,G:G,C:C,T:T,C:C
Parent_18,G:G,G:G,A:A,T:T,A:A,G:G,G:G,C:C,A:A,A:A,C:C,A:A,G:G,T:T,G:G,A:A,C:C,G:G,C:C,T:T,C:C
Parent_19,G:G,G:G,G:G,T:T,A:A,G:G,G:G,C:C,G:G,A:A,C:C,A:A,G:G,T:T,G:G,A:A,C:C,A:G,C:C,T:T,C:C
Parent_20,G:G,G:G,G:G,G:G,A:A,T:T,G:G,C:C,G:G,A:A,C:C,A:A,A:A,T:T,G:G,A:A,C:C,G:G,C:C,T:T,C:C
Parent_21,G:G,G:G,A:A,G:G,A:A,G:G,A:A,C:C,A:A,A:A,C:C,A:A,A:A,T:T,G:A,A:A,C:C,A:A,C:C,T:A,C:C
Parent_22,A:A,G:G,A:A,T:T,A:A,T:T,G:G,C:C,G:G,A:A,C:C,A:A,G:G,T:T,G:G,G:G,C:C,G:G,C:C,T:T,C:C
Parent_23,A:A,G:G,G:A,G:T,A:A,T:T,G:G,C:C,A:A,A:A,C:C,A:A,G:G,T:T,G:G,A:G,C:C,G:G,C:C,T:T,C:C
Parent_24,A:A,G:G,G:G,T:T,A:A,G:G,G:G,C:C,G:G,A:A,C:C,A:A,G:G,T:T,G:G,G:G,C:C,G:G,C:C,T:T,C:C
Parent_25,G:G,G:G,A:A,G:G,A:A,T:T,G:G,C:C,G:A,A:A,C:C,G:A,A:A,T:T,G:G,A:A,G:G,G:G,C:C,T:T,G:G
Parent_26,G:G,G:G,A:A,G:G,A:A,T:T,G:G,C:C,A:A,A:A,A:A,G:G,G:G,T:T,G:G,A:A,G:C,A:A,C:C,A:A,C:C
Parent_27,G:G,G:G,G:G,G:G,G:G,G:G,G:G,T:T,G:G,A:A,A:A,A:A,A:A,T:T,A:A,A:A,C:C,G:G,C:C,T:T,G:G
Parent_28,A:A,G:G,G:A,G:G,G:G,T:T,A:A,T:T,G:G,A:A,C:C,A:A,A:A,T:T,G:G,G:G,G:C,G:G,C:C,A:A,G:G
Parent_29,G:G,G:G,G:G,T:T,G:A,T:T,A:A,T:T,G:G,A:A,C:A,A:A,G:G,C:C,G:G,G:G,C:C,A:A,C:C,A:A,C:C
Parent_30,G:G,G:G,A:A,G:G,G:G,G:G,A:A,C:C,A:A,A:A,A:A,A:A,A:A,T:T,G:G,A:A,C:C,G:G,C:C,A:A,C:C
Parent_31,G:G,C:C,A:A,G:G,G:G,T:T,G:G,C:C,G:G,A:A,C:C,G:G,A:A,T:T,G:G,A:A,G:G,G:G,C:C,T:T,G:G
Parent_32,G:G,G:G,A:A,G:G,G:G,T:T,A:A,C:C,A:A,A:A,A:A,A:A,A:A,T:T,A:A,A:A,C:C,A:A,C:C,A:A,C:C
Parent_33,G:G,G:G,A:A,T:T,G:G,G:G,G:G,T:T,G:G,A:A,C:C,A:A,A:A,C:C,A:A,A:A,C:C,G:G,T:T,A:A,C:C